Country,CountryCode,CountryCode3,Latitude,Longitude
Serbia,,SRB,44.01832962,21.02793997
Afghanistan,AF,AFG,33.93897247,65.20171821
Congo,CG,COG,-0.65319467,16.07148131
Guinea,GN,GIN,9.93557405,-9.65431369
Croatia,HR,HRV,44.7398262,15.35549169
Liechtenstein,LI,LIE,47.16600037,9.55331611
Algeria,DZ,DZA,28.03138733,0.60817527
Nigeria,NG,NGA,9.08213806,7.95736306
Netherlands,NL,NLD,52.11154938,5.52159135
Cyprus,CY,CYP,35.12641335,33.22146123
Finland,FI,FIN,64.9466629,27.52081687
Fiji,FJ,FJI,-17.78250122,178.00422326
Jersey,,,49.21041107,-2.12667455
Thailand,TH,THA,13.04360771,101.68370548
Azerbaijan,AZ,AZE,40.14310455,47.73307563
Albania,AL,ALB,41.15180206,20.02443359
Armenia,AM,ARM,40.06909943,44.85637256
Andorra,AD,AND,42.54902649,1.58625678
Angola,AO,AGO,-11.92611265,18.87439806
Argentina,AR,ARG,-37.08095741,-63.96116016
Australia,AU,AUS,-24.92694569,133.05983543
Greenland,GL,GRL,71.80304337,-40.33858952
Austria,AT,AUT,47.71318817,14.76747875
Bahrain,BH,BHR,26.02402687,50.55120925
Barbados,BB,BRB,13.19097137,-59.56036691
Botswana,BW,BWA,-22.32875252,24.47941693
Belgium,BE,BEL,50.5036087,4.92056694
Bahamas,BS,BHS,21.11846924,-73.3378207
Bangladesh,BD,BGD,23.68666077,89.8646855
Belize,BZ,BLZ,17.18919373,-88.71841002
Bolivia,BO,BOL,-16.2901535,-64.15721155
Myanmar,MM,MMR,19.26555252,95.85929756
Benin,BJ,BEN,9.30768967,2.29777384
Belarus,BY,BLR,53.70952988,28.0311583
Solomon Islands,SB,SLB,-9.59277821,160.14423875
Brazil,BR,BRA,-14.23500395,-49.72934202
Bhutan,BT,BTN,27.51416206,90.34944211
Bulgaria,BG,BGR,42.73387527,25.17004235
Brunei Darussalam,BN,BRN,4.53736019,114.5243484
Burundi,BI,BDI,-3.37333369,29.92350358
Canada,CA,CAN,56.83624268,-110.44205542
Cambodia,KH,KHM,12.5656786,105.12812152
Chad,TD,TCD,15.45416546,18.55306825
Occupied Palestinian Territory,PS,PSE,31.95499802,35.26036082
Sri Lanka,LK,LKA,7.87291574,80.66929228
Chile,CL,CHL,-35.69583511,-71.49750667
Cameroon,CM,CMR,7.36944354,13.62627628
Comoros,KM,COM,-12.22555733,44.41733906
Colombia,CO,COL,4.11350727,-72.59071619
Costa Rica,CR,CRI,9.6196394,-83.64397571
Cuba,CU,CUB,21.51013565,-77.95963111
Cape Verde,CV,CPV,17.05319214,-25.18012514
Cook Islands,CK,COK,-21.22486114,-159.7840153
Djibouti,DJ,DJI,11.82513809,42.51476804
Dominica,DM,DMA,15.41499901,-61.34038349
Ecuador,EC,ECU,-1.77888906,-78.26989316
Ireland,IE,IRL,53.41249466,-7.96977686
Equatorial Guinea,GQ,GNQ,1.634882,10.48440593
Western Sahara,EH,ESH,24.21552658,-13.71018091
Wake Island,,,19.30451012,166.631278
Svalbard and Jan Mayen Islands,SJ,SJM,79.84026337,22.6893089
Estonia,EE,EST,58.59721375,25.49463081
Eritrea,ER,ERI,15.17938423,38.08903854
El Salvador,SV,SLV,13.79418468,-88.89849624
Ethiopia,ET,ETH,9.14513803,38.98887915
Czech Republic,CZ,CZE,49.81749153,15.53335177
Micronesia (Federated States of),FM,FSM,6.87958241,158.2320861
France,FR,FRA,46.71180344,2.19452385
Gambia,GM,GMB,13.44318199,-14.3324294
Gabon,GA,GAB,-0.80368948,11.74680182
Georgia,GE,GEO,42.31430817,43.64216051
Ghana,GH,GHA,7.94722176,-1.07854379
Grenada,GD,GRD,12.11902714,-61.6684669
Germany,DE,DEU,51.16388702,10.54710759
Greece,GR,GRC,39.06638718,21.95683891
Guatemala,GT,GTM,15.78324223,-90.29820128
Guyana,GY,GUY,4.86041594,-58.95119434
Haiti,HT,HTI,18.98249817,-72.24831743
Honduras,HN,HND,14.5027771,-87.22520724
Hungary,HU,HUN,47.16249466,19.12992905
Iceland,IS,ISL,64.96360397,-18.60827072
India,IN,IND,21.7890234,80.23009547
Iran (Islamic Republic of),IR,IRN,32.42860222,54.09805672
C¶te d'Ivoire,CI,CIV,7.54290581,-5.69408604
Iraq,IQ,IRQ,33.22304916,42.51849708
Japan,JP,JPN,43.44082642,143.34766863
Jamaica,JM,JAM,18.10888863,-77.16169136
Jordan,JO,JOR,31.28324127,36.32601714
Kenya,KE,KEN,-0.02355909,37.46982011
Kyrgyzstan,KG,KGZ,41.20424271,75.08136599
Kiribati,KI,KIR,3.03333306,172.79198525
Republic of Korea,KR,KOR,36.46275711,127.9653392
Kuwait,KW,KWT,29.31138229,47.39438435
Kazakhstan,KZ,KAZ,48.02124023,66.35206395
Lao People's Democratic Republic,LA,LAO,18.215415,102.17438251
Lebanon,LB,LBN,33.85472107,35.85209127
Latvia,LV,LVA,56.87971497,24.44105879
Lithuania,LT,LTU,55.17013168,24.10806488
Liberia,LR,LBR,6.43279171,-9.65167343
Slovakia,SK,SVK,48.66860962,19.63863609
Lesotho,LS,LSO,-29.60998726,28.17488282
Luxembourg,LU,LUX,49.81478882,6.09275929
Madagascar,MG,MDG,-18.76736355,46.72005722
"Moldova, Republic of",MD,MDA,46.95707321,28.83187323
Mongolia,MN,MNG,46.86249542,105.44457805
Malawi,MW,MWI,-13.25380039,33.76446994
The former Yugoslav Republic of Macedonia,MK,MKD,41.60863495,21.73475884
Mali,ML,MLI,17.57208157,-0.73656916
Monaco,MC,MCO,43.74835587,7.39993849
Morocco,MA,MAR,31.79150009,-6.37905422
Mauritius,MU,MUS,-20.25347328,57.58692715
Mauritania,MR,MRT,21.00788975,-11.47381398
Malta,MT,MLT,35.89541245,14.4427268
Oman,OM,OMN,20.81107998,56.9936435
Maldives,MV,MDV,2.10124969,73.57148969
Mexico,MX,MEX,23.63671446,-102.26772681
Malaysia,MY,MYS,3.98944795,102.10014098
Mozambique,MZ,MOZ,-18.6613903,34.68726628
Niue,NU,NIU,-19.05444527,-169.86520278
Niger,NE,NER,17.60778904,9.89084451
Vanuatu,VU,VUT,-17.68069649,168.36884771
Norway,NO,NOR,64.55055237,12.67402228
Nepal,NP,NPL,28.39457893,83.1090585
Nauru,NR,NRU,-0.5227778,166.92848305
Montenegro,,MGO,42.70241547,19.27229356
Suriname,SR,SUR,3.91999948,-56.12315636
Nicaragua,NI,NIC,12.86562443,-85.56738862
Aruba,AW,ABW,12.51986027,-69.98399526
American Samoa,AS,ASM,-14.31569529,-170.7303766
Anguilla,AI,AIA,18.21833229,-63.06022995
Bermuda,BM,BMU,32.26924536,-64.82986452
Cayman Islands,KY,CYM,19.30930328,-81.20798091
Cocos (Keeling) Islands,CC,CCK,-12.16388798,96.83597173
Northern Mariana Islands,MP,MNP,14.15013695,145.21688172
French Guiana,GF,GUF,3.9284718,-53.03545155
Falkland Islands (Malvinas),FK,FLK,-51.8172226,-58.60580045
Faroe Islands,FO,FRO,62.19694138,-6.78464195
French Polynesia,PF,PYF,-9.77736092,-139.00941101
Gibraltar,GI,GIB,36.13802338,-5.34516297
Guernsey,,,49.46513367,-2.55714414
Guadeloupe,GP,GLP,16.23027611,-61.56703974
Guam,GU,GUM,13.44430351,144.74831263
Isle of Man,,IMY,54.23318863,-4.51314913
Christmas Island,CX,CXR,-10.44752502,105.69268917
Martinique,MQ,MTQ,14.63986015,-61.01447184
Mayotte,YT,MYT,-12.82750034,45.15151729
Montserrat,MS,MSR,16.7424984,-62.18597054
Midway Islands,,,28.20166016,-177.38256644
New Caledonia,NC,NCL,-21.24305534,165.2465609
Norfolk Island,NF,NFK,-29.04319572,167.95389287
Netherlands Antilles,AN,ANT,12.21208239,-69.03515125
New Zealand,NZ,NZL,-38.01777649,176.61751598
Paraguay,PY,PRY,-23.44264221,-58.46697148
Peru,PE,PER,-9.18996698,-75.76273935
Pakistan,PK,PAK,30.37518311,70.10414389
Poland,PL,POL,51.91978836,19.16334625
Panama,PA,PAN,8.41305494,-81.46607184
Portugal,PT,PRT,39.58081436,-8.29447467
Papua New Guinea,PG,PNG,-6.64527798,144.36584052
Palau,PW,PLW,7.54194355,134.58264867
Guinea-Bissau,GW,GNB,11.80374908,-14.36791644
Qatar,QA,QAT,25.35440826,51.13652823
Marshall Islands,MH,MHL,11.15610981,166.87110535
Romania,RO,ROU,45.94094086,24.28703896
Philippines,PH,PHL,7.6862483,125.23082832
Puerto Rico,PR,PRI,18.22083282,-66.39815513
Russian Federation,RU,RUS,59.46414948,88.37640665
Rwanda,RW,RWA,-1.94319475,29.97210096
Saint Kitts and Nevis,KN,KNA,17.30985832,-62.73386349
Seychelles,SC,SYC,-9.40430641,46.42752728
Senegal,SN,SEN,14.49740124,-14.6568648
Slovenia,SI,SVN,46.1512413,14.62264479
Sierra Leone,SL,SLE,8.4598608,-11.88728659
San Marino,SM,SMR,43.94207764,12.46261219
Singapore,SG,SGP,1.35138869,103.81931858
Somalia,SO,SOM,5.15214896,46.78354776
Spain,ES,ESP,39.88916016,-3.48900595
Saint Lucia,LC,LCA,13.90944386,-60.97212353
Sweden,SE,SWE,62.19973373,14.88968405
Syrian Arab Republic,SY,SYR,34.80207443,38.57169071
Switzerland,CH,CHE,46.81818771,8.45618
United Arab Emirates,AE,ARE,24.35874462,55.13901303
Trinidad and Tobago,TT,TTO,10.43499804,-61.24561968
Tajikistan,TJ,TJK,38.86214828,70.95098613
Tonga,TO,TON,-21.16653252,-175.25197424
Togo,TG,TGO,8.61954308,1.03634225
Sao Tome and Principe,ST,STP,0.2109722,6.60226008
Tunisia,TN,TUN,33.78622055,8.87235028
Turkey,TR,TUR,38.95526886,35.49180122
Tuvalu,TV,TUV,-8.51186752,179.2186789
Turkmenistan,TM,TKM,38.96957779,59.03748226
United Republic of Tanzania,TZ,TZA,-6.36902803,34.22749894
Uganda,UG,UGA,1.37916636,32.69560569
United Kingdom,GB,GBR,54.30791473,-1.91726263
Ukraine,UA,UKR,48.38040924,33.89464751
United States,US,USA,37.24610329,-99.66772088
Burkina Faso,BF,BFA,12.23861027,-1.1833067
Uruguay,UY,URY,-32.52750206,-55.8169095
Uzbekistan,UZ,UZB,41.377491,63.40577462
Saint Vincent and the Grenadines,VC,VCT,13.25722122,-61.19983805
Venezuela,VE,VEN,6.42374992,-65.41032443
Viet Nam,VN,VNM,15.94666481,107.86440489
Samoa,WS,WSM,-13.63291836,-172.43909045
Swaziland,SZ,SWZ,-26.52222443,31.46595695
Zambia,ZM,ZMB,-13.13418674,25.45332662
Zimbabwe,ZW,ZWE,-19.01543808,29.34182595
Saudi Arabia,SA,SAU,24.266222,44.63038258
Yemen,YE,YEM,15.79606056,47.47756804
South Africa,ZA,ZAF,-28.47919655,26.12531804
Namibia,NA,NAM,-22.95277786,17.24491039
Israel,IL,ISR,31.37848854,34.63368564
Timor-Leste,TL,TLS,-8.89192253,125.76068354
Indonesia,ID,IDN,0.09194422,113.31979665
Egypt,EG,EGY,26.68502245,29.46769235
Sudan,SD,SDN,13.31323314,29.2457759
Denmark,DK,DNK,55.94017029,9.31538581
Holy See,VA,VAT,41.89330222,12.48619839
Italy,IT,ITA,42.5115242,12.67492343
China,CN,CHN,36.89332581,98.63221944
Pitcairn Island,PN,PCN,-24.37016106,-128.31911788
RÚunion,RE,REU,-21.11514091,55.53773949
Saint Pierre and Miquelon,PM,SPM,46.78430176,-56.18212148
Saint Helena,SH,SHN,-37.10458374,-12.26514458
Turks and Caicos Islands,TC,TCA,21.79722023,-71.74007963
British Virgin Islands,VG,VGB,18.41791534,-64.62273349
United States Virgin Islands,VI,VIR,17.7345829,-64.7451086
Wallis and Futuna,WF,WLF,-14.28000164,-178.12777772
Bosnia and Herzegovina,BA,BIH,43.91588593,17.97201019
Democratic Republic of the Congo,CD,COD,-4.03833437,22.46052786
Central African Republic,CF,CAF,6.61132407,20.6426686
Dominican Republic,DO,DOM,18.76694298,-70.11666419
Democratic People's Republic of Korea,KP,PRK,40.33985138,126.77774408
Antigua  and Barbuda,AG,ATG,17.07847023,-61.77818072
Libyan Arab Jamahiriya,LY,LBY,26.33510017,17.24397791
Egypt,EG,EGY,21.86126337,33.71356548
Sudan,SD,SDN,22.56476021,35.56140936
